{"stats":{"minecraft:used":{"minecraft:cyan_wool":40,"minecraft:grass_block":13,"minecraft:red_wool":50,"minecraft:birch_door":2,"minecraft:spruce_door":2,"minecraft:white_wool":78,"minecraft:pink_wool":54,"minecraft:diamond_axe":2,"minecraft:oak_hanging_sign":2,"minecraft:glowstone":117,"minecraft:glass_pane":31,"minecraft:purple_wool":1,"minecraft:quartz_block":166,"minecraft:dirt":156,"minecraft:oak_door":2},"minecraft:custom":{"minecraft:time_since_rest":958,"minecraft:walk_one_cm":107607,"minecraft:leave_game":6,"minecraft:mob_kills":1,"minecraft:damage_dealt":100,"minecraft:play_time":131688,"minecraft:jump":223,"minecraft:time_since_death":937,"minecraft:drop":3,"minecraft:sprint_one_cm":72571,"minecraft:total_world_time":132040,"minecraft:fly_one_cm":527326,"minecraft:crouch_one_cm":694,"minecraft:sneak_time":1078,"minecraft:deaths":3},"minecraft:killed":{"minecraft:cow":1},"minecraft:dropped":{"minecraft:red_wool":1,"minecraft:diamond_axe":1,"minecraft:oak_hanging_sign":1},"minecraft:picked_up":{"minecraft:glowstone":1,"minecraft:white_wool":2,"minecraft:oak_hanging_sign":1,"minecraft:oak_door":2,"minecraft:leather":3,"minecraft:beef":6}},"DataVersion":4556}