{"stats":{"minecraft:picked_up":{"minecraft:white_carpet":1},"minecraft:custom":{"minecraft:sprint_one_cm":36637,"minecraft:time_since_rest":27903,"minecraft:walk_one_cm":103302,"minecraft:leave_game":1,"minecraft:total_world_time":27903,"minecraft:fly_one_cm":59371,"minecraft:crouch_one_cm":229,"minecraft:damage_dealt":50,"minecraft:sneak_time":194,"minecraft:play_time":27903,"minecraft:jump":117,"minecraft:time_since_death":27903},"minecraft:used":{"minecraft:grass_block":37,"minecraft:red_wool":91,"minecraft:glass":28,"minecraft:jungle_sign":1,"minecraft:white_carpet":69,"minecraft:yellow_wool":71,"minecraft:white_wool":87,"minecraft:oak_log":233,"minecraft:oak_door":2}},"DataVersion":4440}